<?xml version="1.0" encoding="UTF-8"?>
<project-private xmlns="http://www.netbeans.org/ns/project-private/1">
    <editor-bookmarks xmlns="http://www.netbeans.org/ns/editor-bookmarks/2" lastBookmarkId="0"/>
    <open-files xmlns="http://www.netbeans.org/ns/projectui-open-files/2">
        <group name="Group 20200325-04:19:49">
            <file>file:/D:/Users/tonyo/Downloads/AAServerTimbiriche/src/timbiricheSockets/JugadorHandler.java</file>
            <file>file:/D:/Users/tonyo/Downloads/AAServerTimbiriche/src/timbiricheSockets/EventHandler.java</file>
            <file>file:/D:/Users/tonyo/Downloads/AAServerTimbiriche/src/timbiricheSockets/PruebaServer.java</file>
            <file>file:/D:/Users/tonyo/Downloads/AAServerTimbiriche/src/timbiricheSockets/TimbiricheServer.java</file>
        </group>
    </open-files>
</project-private>
