<?xml version="1.0" encoding="UTF-8"?>
<project-private xmlns="http://www.netbeans.org/ns/project-private/1">
    <editor-bookmarks xmlns="http://www.netbeans.org/ns/editor-bookmarks/2" lastBookmarkId="0"/>
    <open-files xmlns="http://www.netbeans.org/ns/projectui-open-files/2">
        <group name="Group 20200325-04:19:49">
            <file>file:/D:/Users/tonyo/Downloads/AAObjetosNegocio/src/model/Linea.java</file>
            <file>file:/D:/Users/tonyo/Downloads/AAObjetosNegocio/src/model/Configuracion.java</file>
            <file>file:/D:/Users/tonyo/Downloads/AAObjetosNegocio/src/model/Juego.java</file>
            <file>file:/D:/Users/tonyo/Downloads/AAObjetosNegocio/src/model/Jugador.java</file>
            <file>file:/D:/Users/tonyo/Downloads/AAObjetosNegocio/src/model/Cuadro.java</file>
            <file>file:/D:/Users/tonyo/Downloads/AAObjetosNegocio/src/model/Constantes.java</file>
        </group>
    </open-files>
</project-private>
