<?xml version="1.0" encoding="UTF-8"?>
<project-private xmlns="http://www.netbeans.org/ns/project-private/1">
    <editor-bookmarks xmlns="http://www.netbeans.org/ns/editor-bookmarks/2" lastBookmarkId="0"/>
    <open-files xmlns="http://www.netbeans.org/ns/projectui-open-files/2">
        <group name="Group 20200325-04:19:49">
            <file>file:/D:/Users/tonyo/Downloads/AAPresentacion/src/graphics/BtnLinea.java</file>
            <file>file:/D:/Users/tonyo/Downloads/AAPresentacion/src/presentacion/SalaJuego.java</file>
            <file>file:/D:/Users/tonyo/Downloads/AAPresentacion/src/presentacion/FrmMenuPrincipal.java</file>
            <file>file:/D:/Users/tonyo/Downloads/AAPresentacion/src/conexion/Servidor.java</file>
            <file>file:/D:/Users/tonyo/Downloads/AAPresentacion/src/presentacion/DlgRegistro.java</file>
            <file>file:/D:/Users/tonyo/Downloads/AAPresentacion/src/presentacion/ConfiguracionColores.java</file>
            <file>file:/D:/Users/tonyo/Downloads/AAPresentacion/src/graphics/BtnCuadro.java</file>
            <file>file:/D:/Users/tonyo/Downloads/AAPresentacion/src/presentacion/FrmSalaJuego.java</file>
        </group>
    </open-files>
</project-private>
